Prompt,Response,Model,Length
Yesterday I went,to the beach and watched the sunset.,ChatGPT-4o,36
Yesterday I went,for a long walk in the park and cleared my mind.,ChatGPT-4o,48
Yesterday I went,shopping for new books and lost track of time.,ChatGPT-4o,46
Yesterday I went,to a concert with friends and had an amazing time.,ChatGPT-4o,50
Yesterday I went,to the gym and felt energized after my workout.,ChatGPT-4o,47
Yesterday I went,to the grocery store but forgot to buy milk.,ChatGPT-4o,44
Yesterday I went,on a spontaneous road trip and discovered a hidden gem.,ChatGPT-4o,55
Yesterday I went,to the movies and saw an incredible thriller.,ChatGPT-4o,45
Yesterday I went,to visit my grandparents and listened to their stories.,ChatGPT-4o,55
Yesterday I went,hiking in the mountains and reached the summit by noon.,ChatGPT-4o,55
Yesterday I went,to a café and spent hours reading a good book.,ChatGPT-4o,46
Yesterday I went,to a new restaurant and tried a dish I’d never had before.,ChatGPT-4o,58
Yesterday I went,stargazing and saw a shooting star.,ChatGPT-4o,35
Yesterday I went,"to a friend’s house for a game night, and we laughed the whole time.",ChatGPT-4o,68
Yesterday I went,"to the library to study, but ended up daydreaming instead.",ChatGPT-4o,58
Yesterday I went,swimming at the lake and felt completely refreshed.,ChatGPT-4o,51
Yesterday I went,to a yoga class and felt deeply relaxed afterward.,ChatGPT-4o,50
Yesterday I went,"for a drive with no destination, just enjoying the open road.",ChatGPT-4o,61
Yesterday I went,to a museum and got lost in the art exhibits.,ChatGPT-4o,45
Yesterday I went,to the zoo and saw the baby animals playing.,ChatGPT-4o,44
Tomorrow I will,go for a run and watch the sunrise.,ChatGPT-4o,35
Tomorrow I will,start a new book I’ve been excited about.,ChatGPT-4o,41
Tomorrow I will,try cooking a new recipe for dinner.,ChatGPT-4o,36
Tomorrow I will,meet with friends for coffee and catch up.,ChatGPT-4o,42
Tomorrow I will,take a break from social media and focus on myself.,ChatGPT-4o,51
Tomorrow I will,clean out my closet and donate old clothes.,ChatGPT-4o,43
Tomorrow I will,work on my personal project and make progress.,ChatGPT-4o,46
Tomorrow I will,explore a new part of the city I haven’t visited before.,ChatGPT-4o,56
Tomorrow I will,spend some time journaling to reflect on my goals.,ChatGPT-4o,50
Tomorrow I will,learn a few new words in a foreign language.,ChatGPT-4o,44
Tomorrow I will,call a family member I haven’t spoken to in a while.,ChatGPT-4o,52
Tomorrow I will,organize my workspace to improve my productivity.,ChatGPT-4o,49
Tomorrow I will,meditate for a few minutes to clear my mind.,ChatGPT-4o,44
Tomorrow I will,take an online class to improve a skill.,ChatGPT-4o,40
Tomorrow I will,visit the local farmer’s market and buy fresh produce.,ChatGPT-4o,54
Tomorrow I will,plan out my schedule for the week to stay on track.,ChatGPT-4o,51
Tomorrow I will,relax at home and watch a movie I’ve been wanting to see.,ChatGPT-4o,57
Tomorrow I will,practice a hobby I’ve been neglecting recently.,ChatGPT-4o,47
Tomorrow I will,write down my thoughts and feelings to process them.,ChatGPT-4o,52
Tomorrow I will,focus on being more present and enjoying the moment.,ChatGPT-4o,52
I spoke to my friend about,our plans for the weekend and what we should do.,ChatGPT-4o,48
I spoke to my friend about,a book we both recently read and loved.,ChatGPT-4o,39
I spoke to my friend about,how we’ve been feeling lately about work.,ChatGPT-4o,41
I spoke to my friend about,a funny memory from when we were kids.,ChatGPT-4o,38
I spoke to my friend about,a personal challenge I’ve been facing.,ChatGPT-4o,38
I spoke to my friend about,their thoughts on starting a new hobby together.,ChatGPT-4o,48
I spoke to my friend about,our favorite movies and which ones we want to rewatch.,ChatGPT-4o,54
I spoke to my friend about,a trip we want to take next year.,ChatGPT-4o,33
I spoke to my friend about,a new restaurant we should try soon.,ChatGPT-4o,36
I spoke to my friend about,a podcast they recommended to me.,ChatGPT-4o,33
I spoke to my friend about,their advice on dealing with stress.,ChatGPT-4o,36
I spoke to my friend about,the latest news and how we feel about it.,ChatGPT-4o,41
I spoke to my friend about,a problem I needed help solving.,ChatGPT-4o,32
I spoke to my friend about,how much we’ve grown since high school.,ChatGPT-4o,39
I spoke to my friend about,the importance of taking care of mental health.,ChatGPT-4o,47
I spoke to my friend about,our favorite songs and what’s been on repeat lately.,ChatGPT-4o,52
I spoke to my friend about,an event coming up that we’re both excited for.,ChatGPT-4o,47
I spoke to my friend about,their perspective on a difficult decision I need to make.,ChatGPT-4o,57
I spoke to my friend about,funny moments from our last conversation.,ChatGPT-4o,41
I spoke to my friend about,how we can stay more connected despite busy schedules.,ChatGPT-4o,54
I went to the store and bought,a loaf of fresh bread and some butter.,ChatGPT-4o,38
I went to the store and bought,a new book that caught my eye.,ChatGPT-4o,30
I went to the store and bought,ingredients to make pasta for dinner.,ChatGPT-4o,37
I went to the store and bought,a bouquet of flowers to brighten up the room.,ChatGPT-4o,45
I went to the store and bought,a carton of eggs and a gallon of milk.,ChatGPT-4o,38
I went to the store and bought,some snacks for movie night with friends.,ChatGPT-4o,41
I went to the store and bought,a pair of shoes that were on sale.,ChatGPT-4o,34
I went to the store and bought,a cozy blanket for the colder weather.,ChatGPT-4o,38
I went to the store and bought,a bottle of wine to celebrate the weekend.,ChatGPT-4o,42
I went to the store and bought,a notebook to jot down my ideas.,ChatGPT-4o,32
I went to the store and bought,fresh vegetables for a salad.,ChatGPT-4o,29
I went to the store and bought,some cleaning supplies I needed for the house.,ChatGPT-4o,46
I went to the store and bought,a candle with a scent I love.,ChatGPT-4o,29
I went to the store and bought,a box of chocolates as a gift.,ChatGPT-4o,30
I went to the store and bought,a few cans of my favorite soup.,ChatGPT-4o,31
I went to the store and bought,a new sweater for the winter.,ChatGPT-4o,29
I went to the store and bought,a bag of coffee beans for the mornings.,ChatGPT-4o,39
I went to the store and bought,some art supplies for a weekend project.,ChatGPT-4o,40
I went to the store and bought,a new phone case that caught my eye.,ChatGPT-4o,36
I went to the store and bought,a plant to add some greenery to my space.,ChatGPT-4o,41
my favorite activity is ,reading a good book by the window on a rainy day.,ChatGPT-4o,49
my favorite activity is ,going for long walks in nature and enjoying the fresh air.,ChatGPT-4o,58
my favorite activity is ,playing video games with friends online.,ChatGPT-4o,40
my favorite activity is ,trying out new recipes and cooking elaborate meals.,ChatGPT-4o,51
my favorite activity is ,sketching or painting whenever I have free time.,ChatGPT-4o,48
my favorite activity is ,doing yoga to clear my mind and stay active.,ChatGPT-4o,44
my favorite activity is ,binge-watching my favorite shows with a cozy blanket.,ChatGPT-4o,53
my favorite activity is ,writing stories and creating new worlds in my head.,ChatGPT-4o,51
my favorite activity is ,going to the gym and pushing myself to new limits.,ChatGPT-4o,50
my favorite activity is ,listening to music and discovering new artists.,ChatGPT-4o,47
my favorite activity is ,playing board games with family and friends.,ChatGPT-4o,44
my favorite activity is ,taking photos of landscapes and cityscapes.,ChatGPT-4o,43
my favorite activity is ,gardening and taking care of my plants.,ChatGPT-4o,39
my favorite activity is ,hiking up trails and reaching beautiful viewpoints.,ChatGPT-4o,51
my favorite activity is ,practicing the guitar and learning new songs.,ChatGPT-4o,45
my favorite activity is ,swimming and feeling weightless in the water.,ChatGPT-4o,45
my favorite activity is ,solving puzzles or brain teasers for fun.,ChatGPT-4o,41
my favorite activity is ,traveling and exploring new places and cultures.,ChatGPT-4o,48
my favorite activity is ,building and coding small projects in my spare time.,ChatGPT-4o,52
my favorite activity is ,stargazing on clear nights and spotting constellations.,ChatGPT-4o,55
the two things I find the most different are,"city life and rural life, especially in terms of pace and atmosphere.",ChatGPT-4o,69
the two things I find the most different are,"summer and winter, both in temperature and overall mood.",ChatGPT-4o,56
the two things I find the most different are,cooking for myself and eating out at restaurants.,ChatGPT-4o,49
the two things I find the most different are,"reading fiction and reading nonfiction, as they engage different parts of my mind.",ChatGPT-4o,82
the two things I find the most different are,working alone and collaborating with a team.,ChatGPT-4o,44
the two things I find the most different are,morning routines and nighttime routines in terms of energy levels.,ChatGPT-4o,66
the two things I find the most different are,"introversion and extroversion, especially in how people recharge.",ChatGPT-4o,65
the two things I find the most different are,online communication and face-to-face conversations.,ChatGPT-4o,52
the two things I find the most different are,learning a new language and learning a musical instrument.,ChatGPT-4o,58
the two things I find the most different are,physical exercise and mental exercises like puzzles.,ChatGPT-4o,52
the two things I find the most different are,following a strict schedule and having an unstructured day.,ChatGPT-4o,59
the two things I find the most different are,creating art and analyzing art from a technical perspective.,ChatGPT-4o,60
the two things I find the most different are,living in a small town and living in a large city.,ChatGPT-4o,50
the two things I find the most different are,planning out every detail versus being spontaneous.,ChatGPT-4o,51
the two things I find the most different are,writing by hand and typing on a computer.,ChatGPT-4o,41
the two things I find the most different are,traveling by plane and traveling by car.,ChatGPT-4o,40
the two things I find the most different are,learning something new in school and teaching someone else the same thing.,ChatGPT-4o,74
the two things I find the most different are,spending time alone versus being in a crowd.,ChatGPT-4o,44
the two things I find the most different are,watching a movie at home and seeing it in a theater.,ChatGPT-4o,52
the two things I find the most different are,"working in a quiet environment and working in a busy, noisy space.",ChatGPT-4o,66
the thing I find most valuable is,"time spent with loved ones, as it creates meaningful memories.",ChatGPT-4o,62
the thing I find most valuable is,the ability to learn and grow from experiences.,ChatGPT-4o,47
the thing I find most valuable is,honesty and trust in relationships.,ChatGPT-4o,35
the thing I find most valuable is,"peace of mind, which helps me stay grounded.",ChatGPT-4o,44
the thing I find most valuable is,"my health, both mental and physical.",ChatGPT-4o,36
the thing I find most valuable is,meaningful conversations that deepen connections.,ChatGPT-4o,49
the thing I find most valuable is,"creativity, as it allows me to express myself.",ChatGPT-4o,46
the thing I find most valuable is,being able to help others when they need it.,ChatGPT-4o,44
the thing I find most valuable is,a sense of purpose and direction in life.,ChatGPT-4o,41
the thing I find most valuable is,personal freedom to make my own choices.,ChatGPT-4o,40
the thing I find most valuable is,consistency and dedication in achieving my goals.,ChatGPT-4o,49
the thing I find most valuable is,self-awareness and understanding my emotions.,ChatGPT-4o,45
the thing I find most valuable is,resilience in the face of challenges.,ChatGPT-4o,37
the thing I find most valuable is,"kindness, both receiving and giving it to others.",ChatGPT-4o,49
the thing I find most valuable is,moments of quiet reflection and introspection.,ChatGPT-4o,46
the thing I find most valuable is,the ability to adapt to change and embrace uncertainty.,ChatGPT-4o,55
the thing I find most valuable is,a strong support system of friends and family.,ChatGPT-4o,46
the thing I find most valuable is,the trust and loyalty of those close to me.,ChatGPT-4o,43
the thing I find most valuable is,continuous personal growth and self-improvement.,ChatGPT-4o,48
the thing I find most valuable is,"laughter, as it brings lightness to life’s challenges.",ChatGPT-4o,54
one thing i would change about the world,"is ensuring equal access to education for everyone, regardless of their background.",ChatGPT-4o,83
one thing i would change about the world,would be eliminating poverty so that no one has to struggle to meet their basic needs.,ChatGPT-4o,86
one thing i would change about the world,is promoting more empathy and kindness in daily interactions.,ChatGPT-4o,61
one thing i would change about the world,would be finding a sustainable solution to climate change.,ChatGPT-4o,58
one thing i would change about the world,is reducing inequality so that everyone has the same opportunities in life.,ChatGPT-4o,75
one thing i would change about the world,would be prioritizing mental health awareness and support systems globally.,ChatGPT-4o,75
one thing i would change about the world,is fostering better communication and understanding between cultures.,ChatGPT-4o,69
one thing i would change about the world,would be making healthcare accessible and affordable for everyone.,ChatGPT-4o,66
one thing i would change about the world,is creating a world where people feel safe and accepted for who they are.,ChatGPT-4o,73
one thing i would change about the world,would be shifting society’s focus from materialism to personal well-being and relationships.,ChatGPT-4o,92
one thing i would change about the world,is reducing waste and protecting natural resources for future generations.,ChatGPT-4o,74
one thing i would change about the world,would be encouraging more critical thinking and media literacy to combat misinformation.,ChatGPT-4o,88
one thing i would change about the world,is strengthening community connections to reduce feelings of isolation.,ChatGPT-4o,71
one thing i would change about the world,would be reforming justice systems to ensure fairness and equality for all.,ChatGPT-4o,75
one thing i would change about the world,is ending all forms of discrimination and prejudice.,ChatGPT-4o,52
one thing i would change about the world,would be increasing opportunities for creativity and self-expression for everyone.,ChatGPT-4o,82
one thing i would change about the world,is promoting the idea of global cooperation over competition.,ChatGPT-4o,61
one thing i would change about the world,would be ensuring that all children grow up in safe and loving environments.,ChatGPT-4o,76
one thing i would change about the world,is developing a better system for balancing work and life to reduce burnout.,ChatGPT-4o,76
one thing i would change about the world,would be encouraging people to prioritize long-term happiness over short-term success.,ChatGPT-4o,86
i would define creativity as,the ability to connect seemingly unrelated ideas in new and meaningful ways.,ChatGPT-4o,76
i would define creativity as,"the process of turning imagination into reality, whether through art, writing, or problem-solving.",ChatGPT-4o,98
i would define creativity as,thinking outside the box and finding unique solutions to challenges.,ChatGPT-4o,68
i would define creativity as,the freedom to express yourself without the fear of judgment.,ChatGPT-4o,61
i would define creativity as,the ability to look at the world from a different perspective and bring something new to life.,ChatGPT-4o,94
i would define creativity as,using your experiences and emotions to create something original and impactful.,ChatGPT-4o,79
i would define creativity as,the act of transforming abstract thoughts into tangible outcomes.,ChatGPT-4o,65
i would define creativity as,"a blend of curiosity, innovation, and experimentation.",ChatGPT-4o,54
i would define creativity as,the capacity to challenge norms and push boundaries in any field.,ChatGPT-4o,65
i would define creativity as,the art of making the ordinary extraordinary through fresh ideas and approaches.,ChatGPT-4o,80
i would define creativity as,finding inspiration in everyday moments and using them to fuel invention.,ChatGPT-4o,73
i would define creativity as,the practice of continuously evolving your ideas and exploring new possibilities.,ChatGPT-4o,81
i would define creativity as,allowing yourself to explore without the need for a definitive result.,ChatGPT-4o,70
i would define creativity as,combining logic and imagination to produce something novel.,ChatGPT-4o,59
i would define creativity as,turning limitations into opportunities for innovation.,ChatGPT-4o,54
i would define creativity as,seeing patterns and possibilities where others see obstacles.,ChatGPT-4o,61
i would define creativity as,the spark that drives innovation and shapes culture.,ChatGPT-4o,52
i would define creativity as,allowing your mind to wander and embracing the unexpected connections that emerge.,ChatGPT-4o,82
i would define creativity as,creating something meaningful from a blend of personal insight and external influence.,ChatGPT-4o,86
i would define creativity as,the joyful pursuit of bringing your ideas to life in your own unique way.,ChatGPT-4o,73
a fulfilling life includes,meaningful relationships with friends and family who support and uplift you.,ChatGPT-4o,76
a fulfilling life includes,pursuing your passions and engaging in activities that bring you joy.,ChatGPT-4o,69
a fulfilling life includes,"continuous personal growth, learning, and self-improvement.",ChatGPT-4o,59
a fulfilling life includes,contributing to the well-being of others and making a positive impact on the world.,ChatGPT-4o,83
a fulfilling life includes,"a balance between work, rest, and play that aligns with your values.",ChatGPT-4o,68
a fulfilling life includes,experiencing new things and exploring the world with curiosity.,ChatGPT-4o,63
a fulfilling life includes,"moments of peace, reflection, and self-awareness.",ChatGPT-4o,49
a fulfilling life includes,being true to yourself and living authentically.,ChatGPT-4o,48
a fulfilling life includes,setting and achieving goals that align with your purpose and dreams.,ChatGPT-4o,68
a fulfilling life includes,practicing gratitude and appreciating the small moments of everyday life.,ChatGPT-4o,73
a fulfilling life includes,having the freedom to make choices that reflect your own desires and needs.,ChatGPT-4o,75
a fulfilling life includes,feeling a sense of accomplishment from both personal and professional endeavors.,ChatGPT-4o,80
a fulfilling life includes,cultivating emotional resilience and learning from challenges.,ChatGPT-4o,62
a fulfilling life includes,embracing creativity and self-expression in whatever form it takes.,ChatGPT-4o,67
a fulfilling life includes,maintaining physical and mental well-being through self-care.,ChatGPT-4o,61
a fulfilling life includes,"finding purpose and meaning in your actions, whether big or small.",ChatGPT-4o,66
a fulfilling life includes,surrounding yourself with a community of like-minded people who inspire growth.,ChatGPT-4o,79
a fulfilling life includes,creating a sense of inner peace by accepting and loving yourself.,ChatGPT-4o,65
a fulfilling life includes,"enjoying experiences that enrich your soul, whether through travel, art, or nature.",ChatGPT-4o,83
a fulfilling life includes,"living with a sense of adventure, open to the unexpected twists and turns of life.",ChatGPT-4o,82
Yesterday I went,to the beach,Claude,12
Yesterday I went,shopping,Claude,8
Yesterday I went,for a long walk,Claude,15
Yesterday I went,to visit my grandmother,Claude,23
Yesterday I went,to the movies,Claude,13
Yesterday I went,on a road trip,Claude,14
Yesterday I went,to the gym,Claude,10
Yesterday I went,to a concert,Claude,12
Yesterday I went,hiking in the mountains,Claude,23
Yesterday I went,to a new restaurant,Claude,19
Yesterday I went,to the library fishing,Claude,22
Yesterday I went,to a museum,Claude,11
Yesterday I went,to work,Claude,7
Yesterday I went,to a friend's wedding,Claude,21
Yesterday I went,skydiving,Claude,9
Yesterday I went,to the dentist,Claude,14
Yesterday I went,to a yoga class,Claude,15
Yesterday I went,on a blind date,Claude,15
Yesterday I went,to the zoo,Claude,10
Yesterday I went,to the farmer's market,Claude,22
Tomorrow I will,go to work,Claude,10
Tomorrow I will,clean the house,Claude,15
Tomorrow I will,start a new book,Claude,16
Tomorrow I will,call my parents,Claude,15
Tomorrow I will,exercise at the gym,Claude,19
Tomorrow I will,try a new recipe,Claude,16
Tomorrow I will,meet friends for lunch,Claude,22
Tomorrow I will,attend a job interview,Claude,22
Tomorrow I will,plant some flowers,Claude,18
Tomorrow I will,visit the dentist,Claude,17
Tomorrow I will,go grocery shopping,Claude,19
Tomorrow I will,take a yoga class,Claude,17
Tomorrow I will,start learning Spanish,Claude,22
Tomorrow I will,get a haircut,Claude,13
Tomorrow I will,volunteer at the shelter,Claude,24
Tomorrow I will,watch a movie,Claude,13
Tomorrow I will,catch up on emails,Claude,18
Tomorrow I will,go for a hike,Claude,13
Tomorrow I will,fix the leaky faucet,Claude,20
Tomorrow I will,begin a new project,Claude,19
I spoke to my friend about,her new job,Claude,11
I spoke to my friend about,our upcoming vacation,Claude,21
I spoke to my friend about,the latest movie we watched,Claude,27
I spoke to my friend about,his relationship problems,Claude,25
I spoke to my friend about,politics and current events,Claude,27
I spoke to my friend about,our favorite childhood memories,Claude,31
I spoke to my friend about,the book she's writing,Claude,22
I spoke to my friend about,his plans to move abroad,Claude,24
I spoke to my friend about,our shared hobby,Claude,16
I spoke to my friend about,her recent health scare,Claude,23
I spoke to my friend about,the party we're planning,Claude,24
I spoke to my friend about,his new business venture,Claude,24
I spoke to my friend about,our old high school teachers,Claude,28
I spoke to my friend about,the concert we attended,Claude,23
I spoke to my friend about,her family issues,Claude,17
I spoke to my friend about,our workout routines,Claude,20
I spoke to my friend about,his travel experiences,Claude,22
I spoke to my friend about,our favorite TV shows,Claude,21
I spoke to my friend about,her gardening tips,Claude,18
I spoke to my friend about,the argument we had last week,Claude,29
I went to the store and bought,milk and bread,Claude,14
I went to the store and bought,a new pair of shoes,Claude,19
I went to the store and bought,some fresh vegetables,Claude,21
I went to the store and bought,a birthday card,Claude,15
I went to the store and bought,a pack of batteries,Claude,19
I went to the store and bought,toilet paper and soap,Claude,21
I went to the store and bought,a magazine,Claude,10
I went to the store and bought,a bottle of wine,Claude,16
I went to the store and bought,dog food,Claude,8
I went to the store and bought,a lottery ticket,Claude,16
I went to the store and bought,some cleaning supplies,Claude,22
I went to the store and bought,a new phone charger,Claude,19
I went to the store and bought,ingredients for dinner,Claude,22
I went to the store and bought,a scented candle,Claude,16
I went to the store and bought,a box of chocolates,Claude,19
I went to the store and bought,printer ink,Claude,11
I went to the store and bought,a toothbrush,Claude,12
I went to the store and bought,some over-the-counter medicine,Claude,30
I went to the store and bought,a notebook and pens,Claude,19
I went to the store and bought,a potted plant,Claude,14
my favorite activity is ,reading books,Claude,13
my favorite activity is ,playing soccer,Claude,14
my favorite activity is ,cooking new recipes,Claude,19
my favorite activity is ,hiking in nature,Claude,16
my favorite activity is ,painting landscapes,Claude,19
my favorite activity is ,writing poetry,Claude,14
my favorite activity is ,gardening,Claude,9
my favorite activity is ,playing video games,Claude,19
my favorite activity is ,practicing yoga,Claude,15
my favorite activity is ,traveling to new places,Claude,23
my favorite activity is ,swimming in the ocean,Claude,21
my favorite activity is ,solving puzzles,Claude,15
my favorite activity is ,dancing to music,Claude,16
my favorite activity is ,photography,Claude,11
my favorite activity is ,volunteering at animal shelters,Claude,31
my favorite activity is ,playing the guitar,Claude,18
my favorite activity is ,stargazing,Claude,10
my favorite activity is ,rock climbing,Claude,13
my favorite activity is ,meditating,Claude,10
my favorite activity is ,collecting vintage items,Claude,24
the two things I find the most different are,apples and oranges,Claude,18
the two things I find the most different are,day and night,Claude,13
the two things I find the most different are,love and hate,Claude,13
the two things I find the most different are,fire and ice,Claude,12
the two things I find the most different are,silence and noise,Claude,17
the two things I find the most different are,war and peace,Claude,13
the two things I find the most different are,reality and fantasy,Claude,19
the two things I find the most different are,youth and old age,Claude,17
the two things I find the most different are,freedom and captivity,Claude,21
the two things I find the most different are,wealth and poverty,Claude,18
the two things I find the most different are,truth and lies,Claude,14
the two things I find the most different are,comedy and tragedy,Claude,18
the two things I find the most different are,science and religion,Claude,20
the two things I find the most different are,city life and country living,Claude,28
the two things I find the most different are,introversion and extroversion,Claude,29
the two things I find the most different are,optimism and pessimism,Claude,22
the two things I find the most different are,democracy and dictatorship,Claude,26
the two things I find the most different are,analog and digital,Claude,18
the two things I find the most different are,tradition and innovation,Claude,24
the two things I find the most different are,simplicity and complexity,Claude,25
the thing I find most valuable is,time with family,Claude,16
the thing I find most valuable is,personal growth,Claude,15
the thing I find most valuable is,meaningful relationships,Claude,24
the thing I find most valuable is,knowledge and learning,Claude,22
the thing I find most valuable is,good health,Claude,11
the thing I find most valuable is,inner peace,Claude,11
the thing I find most valuable is,financial security,Claude,18
the thing I find most valuable is,creative expression,Claude,19
the thing I find most valuable is,helping others,Claude,14
the thing I find most valuable is,nature and the environment,Claude,26
the thing I find most valuable is,freedom of choice,Claude,17
the thing I find most valuable is,authentic experiences,Claude,21
the thing I find most valuable is,self-awareness,Claude,14
the thing I find most valuable is,laughter and joy,Claude,16
the thing I find most valuable is,intellectual curiosity,Claude,22
the thing I find most valuable is,integrity and honesty,Claude,21
the thing I find most valuable is,cultural diversity,Claude,18
the thing I find most valuable is,technological innovation,Claude,24
the thing I find most valuable is,spiritual fulfillment,Claude,21
the thing I find most valuable is,a sense of purpose,Claude,18
one thing i would change about the world,eliminate poverty,Claude,17
one thing i would change about the world,reverse climate change,Claude,22
one thing i would change about the world,ensure universal education,Claude,26
one thing i would change about the world,eradicate disease,Claude,17
one thing i would change about the world,end all wars,Claude,12
one thing i would change about the world,promote global equality,Claude,23
one thing i would change about the world,reduce plastic pollution,Claude,24
one thing i would change about the world,achieve universal healthcare,Claude,28
one thing i would change about the world,eliminate hunger,Claude,16
one thing i would change about the world,foster greater empathy,Claude,22
one thing i would change about the world,protect endangered species,Claude,26
one thing i would change about the world,create sustainable energy,Claude,25
one thing i would change about the world,improve mental health support,Claude,29
one thing i would change about the world,establish world peace,Claude,21
one thing i would change about the world,increase access to clean water,Claude,30
one thing i would change about the world,reduce wealth inequality,Claude,24
one thing i would change about the world,eliminate discrimination,Claude,24
one thing i would change about the world,promote scientific literacy,Claude,27
one thing i would change about the world,preserve cultural heritage,Claude,26
one thing i would change about the world,enhance global cooperation,Claude,26
i would define creativity as,the ability to imagine new possibilities,Claude,40
i would define creativity as,thinking outside conventional boundaries,Claude,40
i would define creativity as,combining ideas in unexpected ways,Claude,34
i would define creativity as,expressing oneself through original works,Claude,41
i would define creativity as,problem-solving with innovative solutions,Claude,41
i would define creativity as,seeing the world from fresh perspectives,Claude,40
i would define creativity as,bringing unique visions to life,Claude,31
i would define creativity as,the courage to challenge existing norms,Claude,39
i would define creativity as,transforming abstract thoughts into reality,Claude,43
i would define creativity as,finding beauty in the unconventional,Claude,36
i would define creativity as,adapting flexibly to new situations,Claude,35
i would define creativity as,synthesizing disparate concepts,Claude,31
i would define creativity as,the spark that ignites innovation,Claude,33
i would define creativity as,reimagining the familiar in novel ways,Claude,38
i would define creativity as,expressing inner visions outwardly,Claude,34
i would define creativity as,the flow of uninhibited imagination,Claude,35
i would define creativity as,crafting original narratives or experiences,Claude,43
i would define creativity as,pushing the boundaries of what's possible,Claude,41
i would define creativity as,channeling inspiration into tangible forms,Claude,42
i would define creativity as,the art of making something from nothing,Claude,40
a fulfilling life includes,meaningful relationships,Claude,24
a fulfilling life includes,personal growth and learning,Claude,28
a fulfilling life includes,a sense of purpose,Claude,18
a fulfilling life includes,helping others,Claude,14
a fulfilling life includes,pursuing passions,Claude,17
a fulfilling life includes,achieving goals,Claude,15
a fulfilling life includes,maintaining good health,Claude,23
a fulfilling life includes,experiencing new cultures,Claude,25
a fulfilling life includes,financial stability,Claude,19
a fulfilling life includes,work-life balance,Claude,17
a fulfilling life includes,spiritual or philosophical exploration,Claude,38
a fulfilling life includes,creative expression,Claude,19
a fulfilling life includes,contributing to community,Claude,25
a fulfilling life includes,overcoming challenges,Claude,21
a fulfilling life includes,moments of joy and laughter,Claude,27
a fulfilling life includes,self-reflection and awareness,Claude,29
a fulfilling life includes,adventure and new experiences,Claude,29
a fulfilling life includes,leaving a positive legacy,Claude,25
a fulfilling life includes,cultivating inner peace,Claude,23
a fulfilling life includes,continuous self-improvement,Claude,27
Yesterday I went,to the store,Gemini,12
Yesterday I went,for a walk,Gemini,10
Yesterday I went,to the beach,Gemini,12
Yesterday I went,to the movies,Gemini,13
Yesterday I went,to the park,Gemini,11
Yesterday I went,to the library,Gemini,14
Yesterday I went,to a restaurant,Gemini,15
Yesterday I went,to a concert,Gemini,12
Yesterday I went,to a party,Gemini,10
Yesterday I went,to the doctor,Gemini,13
Yesterday I went,to the dentist,Gemini,14
Yesterday I went,to the gym,Gemini,10
Yesterday I went,to the mall,Gemini,11
Yesterday I went,to the museum,Gemini,13
Yesterday I went,to the zoo,Gemini,10
Yesterday I went,to the countryside,Gemini,18
Yesterday I went,to the city,Gemini,11
Yesterday I went,to the mountains,Gemini,16
Yesterday I went,to the lake,Gemini,11
Yesterday I went,to the river,Gemini,12
Tomorrow I will,go to work,Gemini,10
Tomorrow I will,go to school,Gemini,12
Tomorrow I will,go shopping,Gemini,11
Tomorrow I will,go to the movies,Gemini,16
Tomorrow I will,go to the park,Gemini,14
Tomorrow I will,go to the library,Gemini,17
Tomorrow I will,go to a restaurant,Gemini,18
Tomorrow I will,go to a concert,Gemini,15
Tomorrow I will,go to a party,Gemini,13
Tomorrow I will,go to the doctor,Gemini,16
Tomorrow I will,go to the dentist,Gemini,17
Tomorrow I will,go to the gym,Gemini,13
Tomorrow I will,go to the mall,Gemini,14
Tomorrow I will,go to the museum,Gemini,16
Tomorrow I will,go to the zoo,Gemini,13
Tomorrow I will,go to the countryside,Gemini,21
Tomorrow I will,go to the city,Gemini,14
Tomorrow I will,go to the mountains,Gemini,19
Tomorrow I will,go to the lake,Gemini,14
Tomorrow I will,go to the river,Gemini,15
I spoke to my friend about,their new job,Gemini,13
I spoke to my friend about,their vacation plans,Gemini,20
I spoke to my friend about,their relationship problems,Gemini,27
I spoke to my friend about,their health issues,Gemini,19
I spoke to my friend about,their family,Gemini,12
I spoke to my friend about,their dreams and aspirations,Gemini,28
I spoke to my friend about,their fears and anxieties,Gemini,25
I spoke to my friend about,their favorite hobbies,Gemini,22
I spoke to my friend about,their recent achievements,Gemini,25
I spoke to my friend about,their childhood memories,Gemini,24
I spoke to my friend about,their favorite books,Gemini,20
I spoke to my friend about,their favorite movies,Gemini,21
I spoke to my friend about,their favorite music,Gemini,20
I spoke to my friend about,their favorite food,Gemini,19
I spoke to my friend about,their favorite color,Gemini,20
I spoke to my friend about,their favorite animal,Gemini,21
I spoke to my friend about,their favorite season,Gemini,21
I spoke to my friend about,their favorite holiday,Gemini,22
I spoke to my friend about,their favorite place to visit,Gemini,29
I spoke to my friend about,their favorite thing to do,Gemini,26
I went to the store and bought,groceries,Gemini,9
I went to the store and bought,clothes,Gemini,7
I went to the store and bought,shoes,Gemini,5
I went to the store and bought,books,Gemini,5
I went to the store and bought,toys,Gemini,4
I went to the store and bought,electronics,Gemini,11
I went to the store and bought,flowers,Gemini,7
I went to the store and bought,a gift,Gemini,6
I went to the store and bought,a new car,Gemini,9
I went to the store and bought,a new house,Gemini,11
I went to the store and bought,a lottery ticket,Gemini,16
I went to the store and bought,a coffee,Gemini,8
I went to the store and bought,a sandwich,Gemini,10
I went to the store and bought,a magazine,Gemini,10
I went to the store and bought,a newspaper,Gemini,11
I went to the store and bought,a candy bar,Gemini,11
I went to the store and bought,a bottle of wine,Gemini,16
I went to the store and bought,a pack of cigarettes,Gemini,20
I went to the store and bought,a box of chocolates,Gemini,19
I went to the store and bought,a bouquet of roses,Gemini,18
My favorite activity is,reading,Gemini,7
My favorite activity is,watching movies,Gemini,15
My favorite activity is,playing video games,Gemini,19
My favorite activity is,listening to music,Gemini,18
My favorite activity is,dancing,Gemini,7
My favorite activity is,hiking,Gemini,6
My favorite activity is,swimming,Gemini,8
My favorite activity is,biking,Gemini,6
My favorite activity is,camping,Gemini,7
My favorite activity is,fishing,Gemini,7
My favorite activity is,gardening,Gemini,9
My favorite activity is,cooking,Gemini,7
My favorite activity is,painting,Gemini,8
My favorite activity is,writing,Gemini,7
My favorite activity is,playing an instrument,Gemini,21
My favorite activity is,playing board games,Gemini,19
My favorite activity is,spending time with friends and family,Gemini,37
My favorite activity is,traveling,Gemini,9
My favorite activity is,learning new things,Gemini,19
My favorite activity is,relaxing,Gemini,8
The two things I find the most different are,apples and oranges,Gemini,18
The two things I find the most different are,night and day,Gemini,13
The two things I find the most different are,love and hate,Gemini,13
The two things I find the most different are,life and death,Gemini,14
The two things I find the most different are,good and evil,Gemini,13
The two things I find the most different are,happiness and sadness,Gemini,21
The two things I find the most different are,hot and cold,Gemini,12
The two things I find the most different are,wet and dry,Gemini,11
The two things I find the most different are,light and dark,Gemini,14
The two things I find the most different are,big and small,Gemini,13
The two things I find the most different are,fast and slow,Gemini,13
The two things I find the most different are,strong and weak,Gemini,15
The two things I find the most different are,old and new,Gemini,11
The two things I find the most different are,right and wrong,Gemini,15
The two things I find the most different are,up and down,Gemini,11
The two things I find the most different are,inside and outside,Gemini,18
The two things I find the most different are,here and there,Gemini,14
The two things I find the most different are,then and now,Gemini,12
The two things I find the most different are,true and false,Gemini,14
The two things I find the most different are,real and fake,Gemini,13
the thing I find most valuable is,time,Gemini,4
the thing I find most valuable is,love,Gemini,4
the thing I find most valuable is,family,Gemini,6
the thing I find most valuable is,friends,Gemini,7
the thing I find most valuable is,health,Gemini,6
the thing I find most valuable is,knowledge,Gemini,9
the thing I find most valuable is,experiences,Gemini,11
the thing I find most valuable is,opportunities,Gemini,13
the thing I find most valuable is,happiness,Gemini,9
the thing I find most valuable is,freedom,Gemini,7
the thing I find most valuable is,peace,Gemini,5
the thing I find most valuable is,respect,Gemini,7
the thing I find most valuable is,kindness,Gemini,8
the thing I find most valuable is,honesty,Gemini,7
the thing I find most valuable is,loyalty,Gemini,7
the thing I find most valuable is,compassion,Gemini,10
the thing I find most valuable is,gratitude,Gemini,9
the thing I find most valuable is,forgiveness,Gemini,11
the thing I find most valuable is,hope,Gemini,4
the thing I find most valuable is,faith,Gemini,5
one thing I would change about the world is,the climate crisis,Gemini,18
one thing I would change about the world is,poverty,Gemini,7
one thing I would change about the world is,inequality,Gemini,10
one thing I would change about the world is,violence,Gemini,8
one thing I would change about the world is,discrimination,Gemini,14
one thing I would change about the world is,hunger,Gemini,6
one thing I would change about the world is,disease,Gemini,7
one thing I would change about the world is,pollution,Gemini,9
one thing I would change about the world is,war,Gemini,3
one thing I would change about the world is,ignorance,Gemini,9
one thing I would change about the world is,selfishness,Gemini,11
one thing I would change about the world is,greed,Gemini,5
one thing I would change about the world is,hatred,Gemini,6
one thing I would change about the world is,fear,Gemini,4
one thing I would change about the world is,apathy,Gemini,6
one thing I would change about the world is,prejudice,Gemini,9
one thing I would change about the world is,racism,Gemini,6
one thing I would change about the world is,sexism,Gemini,6
one thing I would change about the world is,homophobia,Gemini,10
one thing I would change about the world is,xenophobia,Gemini,10
I would define creativity as,the ability to think outside the box,Gemini,36
I would define creativity as,the power of imagination,Gemini,24
I would define creativity as,the courage to be different,Gemini,27
I would define creativity as,the spark that ignites innovation,Gemini,33
I would define creativity as,the art of problem-solving,Gemini,26
I would define creativity as,the expression of one's unique perspective,Gemini,42
I would define creativity as,the ability to see the world in new ways,Gemini,40
I would define creativity as,the capacity to create something new,Gemini,36
I would define creativity as,the freedom to explore and experiment,Gemini,37
I would define creativity as,the ability to connect the dots in unexpected ways,Gemini,50
I would define creativity as,the power of self-expression,Gemini,28
I would define creativity as,the ability to inspire others,Gemini,29
I would define creativity as,the courage to take risks,Gemini,25
I would define creativity as,the ability to find beauty in the ordinary,Gemini,42
I would define creativity as,the power of storytelling,Gemini,25
I would define creativity as,the ability to see the potential in everything,Gemini,46
I would define creativity as,the courage to be vulnerable,Gemini,28
I would define creativity as,the ability to find joy in the process,Gemini,38
I would define creativity as,the power of empathy,Gemini,20
I would define creativity as,the ability to make a difference in the world,Gemini,45
A fulfilling life includes,meaningful relationships,Gemini,24
A fulfilling life includes,personal growth,Gemini,15
A fulfilling life includes,contributing to society,Gemini,23
A fulfilling life includes,pursuing passions,Gemini,17
A fulfilling life includes,experiencing joy and happiness,Gemini,30
A fulfilling life includes,overcoming challenges,Gemini,21
A fulfilling life includes,living with purpose,Gemini,19
A fulfilling life includes,finding balance,Gemini,15
A fulfilling life includes,making a difference,Gemini,19
A fulfilling life includes,appreciating the simple things,Gemini,30
A fulfilling life includes,learning from experiences,Gemini,25
A fulfilling life includes,embracing change,Gemini,16
A fulfilling life includes,finding peace and contentment,Gemini,29
A fulfilling life includes,living in the present moment,Gemini,28
A fulfilling life includes,connecting with nature,Gemini,22
A fulfilling life includes,helping others,Gemini,14
A fulfilling life includes,feeling loved and accepted,Gemini,26
A fulfilling life includes,having a sense of belonging,Gemini,27
A fulfilling life includes,feeling fulfilled and satisfied,Gemini,31
A fulfilling life includes,living a life without regrets,Gemini,29
Yesterday I went,to the park and had a wonderful time with my family.,Cohere,52
Yesterday I went,grocery shopping and stocked up on all my favorite snacks.,Cohere,58
Yesterday I went,for a run and it cleared my mind and I got some fresh air.,Cohere,58
Yesterday I went,out for dinner and tried a new restaurant with delicious food.,Cohere,62
Yesterday I went,to a museum and learned so much about ancient history that it inspired me.,Cohere,74
Yesterday I went,to the beach and had a relaxing day by the sea.,Cohere,47
Yesterday I went,"to a concert and danced the night away with my friends, it was liberating.",Cohere,74
Yesterday I went,on a road trip to explore amazing new places and it was thrilling.,Cohere,66
Yesterday I went,to the movies and watched an action-packed film that had me on the edge of my seat.,Cohere,83
Yesterday I went,for a walk in the rain; it was peaceful and calming which was just what I needed.,Cohere,81
Yesterday I went,"to a local festival, immersing myself in the culture and traditions of the community.",Cohere,85
Yesterday I went,"horseback riding which was an incredible, unique experience.",Cohere,60
Yesterday I went,"on a hike and discovered a hidden waterfall, a true natural wonder.",Cohere,67
Yesterday I went,to a comedy show and it was a night filled with laughter and joy.,Cohere,65
Yesterday I went,wine tasting and discovered some delicious local vintages that I now adore.,Cohere,75
Yesterday I went,"on a tour of a historic castle, imagining life in medieval times and feeling like royalty.",Cohere,90
Yesterday I went,to an art gallery and found inspiration in the beautiful and thought-provoking paintings.,Cohere,89
Yesterday I went,"on a boat ride to watch the sunset over the horizon, a truly romantic experience.",Cohere,81
Yesterday I went,"to a garden and lost myself in the beauty of nature, feeling at peace.",Cohere,70
Yesterday I went,back to my favorite childhood spots and felt a warm wave of nostalgia wash over me.,Cohere,83
Tomorrow I will,wake up early and greet the sunrise with a fresh perspective.,Cohere,61
Tomorrow I will,"try something new, embracing the unknown and stepping beyond my comfort zone.",Cohere,77
Tomorrow I will,"spend quality time with my family, creating lasting memories filled with love and laughter.",Cohere,91
Tomorrow I will,"practice self-care, nurturing my mind, body, and spirit, and prioritizing my overall well-being.",Cohere,96
Tomorrow I will,"begin a new book, immersing myself in an exciting story that sparks my imagination.",Cohere,83
Tomorrow I will,"go for a walk in nature, appreciating the beauty and tranquility of the natural world.",Cohere,86
Tomorrow I will,"take on a challenging task, pushing myself to grow and embracing the power of learning from adversity.",Cohere,102
Tomorrow I will,"reconnect with an old friend, cherishing the bond we share and creating new memories.",Cohere,85
Tomorrow I will,"learn a new skill, expanding my knowledge and embracing the joy of lifelong learning.",Cohere,85
Tomorrow I will,"find something to be grateful for, appreciating the little things that bring true happiness.",Cohere,92
Tomorrow I will,"spread kindness and positivity, leaving a trail of light and love wherever I go.",Cohere,80
Tomorrow I will,"be fully present and mindful, living in the moment and savoring each experience.",Cohere,80
Tomorrow I will,"take a break to relax and recharge, prioritizing my energy and inner peace.",Cohere,75
Tomorrow I will,"bring a smile to someone's face, sharing joy and making their day a little brighter.",Cohere,84
Tomorrow I will,"explore a new hobby, discovering hidden passions and embracing my curiosity.",Cohere,76
Tomorrow I will,"set ambitious yet achievable goals, creating a clear plan to turn my visions into reality.",Cohere,90
Tomorrow I will,"welcome new opportunities and embrace change, knowing that growth often lies beyond my comfort zone.",Cohere,100
Tomorrow I will,"show compassion and lend a helping hand to those in need, making a positive impact in my community.",Cohere,99
Tomorrow I will,"face my fears with courage, knowing that bravery is not the absence of fear but the strength to overcome it.",Cohere,108
Tomorrow I will,"reflect on my day, celebrating my accomplishments and learning from my experiences, using them as fuel for continued growth.",Cohere,124
I spoke to my friend about,"our shared interests and passions, and we discovered new hobbies that we could embark on together.",Cohere,98
I spoke to my friend about,"their recent accomplishments, offering sincere congratulations and celebrating their hard-earned successes.",Cohere,107
I spoke to my friend about,"an exciting upcoming event, planning our coordinated attendance and the finer details that would make it memorable.",Cohere,115
I spoke to my friend about,"a book we had both read, delving into our favorite characters and enthusiastically debating the plot twists and turns.",Cohere,118
I spoke to my friend about,"a personal challenge I was facing, and their support and advice provided me with a new sense of clarity and direction.",Cohere,118
I spoke to my friend about,"a funny memory from our past, reliving the joy and laughter of that moment, and creating a new memory in the process.",Cohere,117
I spoke to my friend about,"their new pet, and I asked for pictures and stories about their furry companion, learning about all their unique quirks and adorable habits.",Cohere,140
I spoke to my friend about,"an issue they were navigating, offering a listening ear and a shoulder to lean on, providing comfort, and proposing potential solutions.",Cohere,136
I spoke to my friend about,"our future dreams and aspirations, motivating each other to pursue our goals and dreaming big together.",Cohere,103
I spoke to my friend about,"a mutual friend in need, uniting our support, and brainstorming thoughtful ways to help them through this difficult time.",Cohere,121
I spoke to my friend about,"their recent adventure-filled trip, listening to their captivating stories, and living vicariously through their exciting experiences.",Cohere,134
I spoke to my friend about,"a new restaurant they had tried, eager to hear their review, and making plans to explore this new dining experience together.",Cohere,125
I spoke to my friend about,"an interesting article we had both read, sharing our unique interpretations and engaging in a lively and thought-provoking debate.",Cohere,130
I spoke to my friend about,"a common challenge we were facing, offering mutual support, and collaboratively brainstorming strategies to overcome this obstacle.",Cohere,131
I spoke to my friend about,"our favorite childhood memories, reminiscing about the past, and feeling a warm sense of nostalgia for those simpler times.",Cohere,123
I spoke to my friend about,"their new job, inquiring about their responsibilities, and showing genuine interest in their professional endeavors and growth.",Cohere,127
I spoke to my friend about,"an upcoming birthday or special celebration, planning a surprise, and conspiring to create an unforgettable experience for our friend.",Cohere,134
I spoke to my friend about,"their passionate hobby, learning about their talents and the things that light them up, and showing my support for their pursuits.",Cohere,130
I spoke to my friend about,"a difficult decision they were considering, offering my perspective and helping them carefully weigh the pros and cons to find clarity.",Cohere,135
I spoke to my friend about,"nothing in particular, sometimes the best conversations are the ones that flow naturally, enjoying the comfort and ease of familiar company.",Cohere,140
I went to the store and bought,a bouquet of vibrant flowers to brighten up my home and boost my mood.,Cohere,70
I went to the store and bought,"ingredients for a new recipe I've been eager to try, feeling inspired to create a delicious",Cohere,91
I went to the store and bought,"a cozy sweater, perfect for snuggling up on chilly evenings with a good book.",Cohere,77
I went to the store and bought,"fresh produce, stocking up on nutritious options to fuel my body and mind.",Cohere,74
I went to the store and bought,"a fun board game, anticipating a night of laughter and friendly competition with my loved ones.",Cohere,95
I went to the store and bought,"a set of colorful pens and a journal, ready to start a new bullet journal journey.",Cohere,82
I went to the store and bought,"a new pair of running shoes, motivated to hit the trails and improve my fitness.",Cohere,80
I went to the store and bought,"a set of weights for my home gym, investing in my health and strength training routine.",Cohere,87
I went to the store and bought,"a variety of teas, excited to experiment with new flavors and create cozy moments.",Cohere,82
I went to the store and bought,"a frame for a beloved photo, celebrating a special memory and displaying it proudly.",Cohere,84
I went to the store and bought,"a set of paintbrushes and acrylic paints, eager to unleash my creativity on a blank canvas.",Cohere,91
I went to the store and bought,"a new release book by my favorite author, anticipating a thrilling reading experience.",Cohere,86
I went to the store and bought,"a set of soft, luxurious sheets, treating myself to a comfortable and restful sleep.",Cohere,84
I went to the store and bought,"a new lamp, creating a cozy ambiance in my living room for relaxed evenings.",Cohere,76
I went to the store and bought,"a set of garden tools, inspired to plant flowers and tend to my outdoor space.",Cohere,78
I went to the store and bought,"a new phone case, wanting to protect my phone and showcase my style.",Cohere,68
I went to the store and bought,"a journal and fancy pen, ready to start recording my daily thoughts and experiences.",Cohere,84
I went to the store and bought,"a set of candles, choosing soothing scents to create a relaxing atmosphere.",Cohere,75
I went to the store and bought,"a new outfit for an upcoming special event, feeling confident and stylish.",Cohere,74
I went to the store and bought,"a bag of my favorite snacks, treating myself to some indulgent goodies.",Cohere,71
My favorite activity is,"reading. Getting lost in a captivating story, exploring new worlds, and learning about different characters' lives.",Cohere,115
My favorite activity is,"painting. Expressing my creativity through colors, brushstrokes, and bringing my imagination to life on a canvas.",Cohere,113
My favorite activity is,"hiking. Exploring nature, admiring the scenery, and challenging myself physically as I discover new trails.",Cohere,107
My favorite activity is,"cooking. Experimenting with recipes, flavors, and spices, creating delicious meals to nourish my body and soul.",Cohere,111
My favorite activity is,"playing the piano. Creating beautiful music, expressing my emotions, and feeling a sense of calm through the keys.",Cohere,114
My favorite activity is,"photography. Capturing the beauty in the world, freezing moments in time, and telling stories through my lens.",Cohere,110
My favorite activity is,"dancing. Moving my body to the rhythm, feeling the music, and expressing my joy and passion freely.",Cohere,99
My favorite activity is,"writing. Putting my thoughts and ideas on paper, crafting stories, and sharing my unique perspective with others.",Cohere,113
My favorite activity is,"gardening. Nurturing plants, flowers, and vegetables, finding peace and purpose in the growth and beauty of nature.",Cohere,115
My favorite activity is,"playing chess. Strategizing, outsmarting my opponent, and enjoying the mental challenge of the game.",Cohere,100
My favorite activity is,"baking. Whipping up sweet treats, filling my home with delicious aromas, and sharing my creations with loved ones.",Cohere,114
My favorite activity is,"swimming. Gliding through the water, feeling weightless, and enjoying the sense of freedom and calm it brings.",Cohere,110
My favorite activity is,"meditating. Finding inner peace, calming my mind, and connecting with my breath and true self.",Cohere,94
My favorite activity is,"playing video games. Escaping to virtual worlds, taking on challenges, and collaborating (or competing) with friends online.",Cohere,124
My favorite activity is,"knitting. Creating cozy scarves, socks, and blankets, and finding relaxation in the repetitive motions of the craft.",Cohere,116
My favorite activity is,"playing sports. Being part of a team, staying active, and enjoying the camaraderie and friendly competition.",Cohere,108
My favorite activity is,"yoga. Stretching my body, improving my flexibility, and finding a balance between my mind, body, and breath.",Cohere,108
My favorite activity is,"singing. Belting out my favorite tunes, expressing myself through music, and feeling the emotions of the lyrics.",Cohere,112
My favorite activity is,"rock climbing. Testing my strength, problem-solving, and enjoying the thrill and sense of accomplishment that comes with reaching new heights.",Cohere,142
My favorite activity is,"volunteering. Giving back to my community, helping those in need, and making a positive impact in the lives of others.",Cohere,118
The two things I find the most different are,"the sun and the moon. One brings bright light and warmth, while the other reflects a softer glow and signifies the calm of night.",Cohere,129
The two things I find the most different are,"the ocean and the mountains. The vastness of the sea stretches endlessly, while peaks stand tall and sturdy, each offering a unique sense of adventure and serenity.",Cohere,164
The two things I find the most different are,"winter and summer. One brings snow and a time to bundle up, the other sunshine and a chance to dive into cool waters.",Cohere,117
The two things I find the most different are,"fiction and non-fiction books. One takes me on imaginative journeys, the other educates and informs me about the real world.",Cohere,124
The two things I find the most different are,the city and the countryside. The hustle and bustle of urban life contrast the peacefulness and open spaces of rural areas.,Cohere,123
The two things I find the most different are,"classical music and heavy metal. The soothing, elegant melodies differ greatly from the intense, headbanging rhythms.",Cohere,117
The two things I find the most different are,"a fine dining restaurant and a food truck. One offers an upscale, multi-course meal, the other serves quick, tasty bites from a mobile kitchen.",Cohere,143
The two things I find the most different are,"a laptop and a desktop computer. One is portable and compact, the other stationary and often more powerful.",Cohere,107
The two things I find the most different are,"a private beach and a public park. One provides seclusion and exclusivity, the other welcomes all and offers a variety of activities.",Cohere,133
The two things I find the most different are,"a luxury car and a minivan. One exudes elegance and speed, the other prioritizes functionality and space for the family.",Cohere,120
The two things I find the most different are,"a smartphone and a basic cell phone. One offers countless apps and features, the other keeps it simple with just the essential functions.",Cohere,137
The two things I find the most different are,"a comedy show and a horror movie. One brings laughter and light-hearted fun, the other elicits screams and an adrenaline rush.",Cohere,126
The two things I find the most different are,"a peaceful protest and a riot. One involves calm, collective action, the other descends into violent chaos.",Cohere,107
The two things I find the most different are,"a house party and a night at the opera. One is casual and lively, the other formal and refined, each offering a unique cultural experience.",Cohere,139
The two things I find the most different are,"a tattoo parlor and a spa. One involves permanent body art, the other provides relaxation and pampering treatments.",Cohere,115
The two things I find the most different are,"a rock concert and a ballet performance. One is loud and energetic, the other graceful and delicate, showcasing diverse art forms.",Cohere,130
The two things I find the most different are,"a fast food chain and a local mom-and-pop restaurant. One offers quick, standardized meals, the other serves unique dishes made with love.",Cohere,138
The two things I find the most different are,"a public pool and a natural hot spring. One is chlorinated and bustling, the other is a serene, natural wonder with healing waters.",Cohere,131
The two things I find the most different are,"a theme park and a meditation retreat. One is full of thrilling rides, the other encourages inner peace and reflection.",Cohere,119
The two things I find the most different are,"a soccer game and a chess match. One involves physical endurance and teamwork, the other a mental strategy played on a board.",Cohere,125
the thing I find most valuable is,"my health. Without it, I cannot enjoy the fullness of life, pursue my passions, or spend quality time with loved ones.",Cohere,118
the thing I find most valuable is,"my family. They are my support system, my source of love, and the foundation of who I am and who I strive to be.",Cohere,112
the thing I find most valuable is,"my education. Knowledge is power, and it opens doors to countless opportunities, helping me grow and achieve my goals.",Cohere,118
the thing I find most valuable is,"my integrity. Being true to my values, maintaining my principles, and acting with honesty and morality are non-negotiables.",Cohere,123
the thing I find most valuable is,"my time. Every moment is precious, and how I choose to spend my time shapes my experiences, growth, and impact on the world.",Cohere,124
the thing I find most valuable is,"my freedom. The ability to make my own choices, pursue my dreams, and live my life according to my beliefs is invaluable.",Cohere,121
the thing I find most valuable is,"my friends. They bring joy, laughter, and support, enriching my life and creating memorable experiences.",Cohere,104
the thing I find most valuable is,"my passion. It drives me to pursue my dreams, take risks, and find purpose and fulfillment in life.",Cohere,99
the thing I find most valuable is,"my resilience. The ability to bounce back from challenges, adapt, and grow stronger in the face of adversity has helped me overcome life's obstacles.",Cohere,149
the thing I find most valuable is,"my creativity. It allows me to express myself uniquely, think outside the box, and bring new ideas and solutions to the world.",Cohere,126
the thing I find most valuable is,"my empathy. Being able to understand and share the feelings of others helps me build meaningful connections, foster compassion, and support those around me.",Cohere,156
the thing I find most valuable is,"my curiosity. It fuels my desire to learn, explore, and discover new places, people, and experiences, broadening my horizons.",Cohere,125
the thing I find most valuable is,"my sense of humor. Laughter is the best medicine, and finding humor in life helps me stay positive, de-stress, and bring joy to others.",Cohere,135
the thing I find most valuable is,"my cultural heritage. It shapes my identity, connects me to my roots, and provides a sense of belonging and tradition.",Cohere,118
the thing I find most valuable is,"my community. The people and connections in my neighborhood or city contribute to my sense of safety, support, and collective growth.",Cohere,133
the thing I find most valuable is,"my spirituality. It provides me with guidance, hope, and a deeper understanding of the world and my place in it.",Cohere,112
the thing I find most valuable is,"my experiences. The lessons learned, the mistakes made, and the joys and sorrows I've encountered have shaped my wisdom and perspective.",Cohere,136
the thing I find most valuable is,"my financial stability. Having financial security reduces stress, provides options, and allows me to support myself and others.",Cohere,127
the thing I find most valuable is,"my open-mindedness. Being receptive to new ideas, perspectives, and experiences broadens my thinking and fosters personal growth.",Cohere,129
the thing I find most valuable is,"my gratitude. Recognizing and appreciating the blessings in my life brings me joy, contentment, and a sense of abundance.",Cohere,121
one thing I would change about the world is,"the presence of hunger. I would ensure that everyone has access to nutritious food, ending hunger and promoting health and well-being globally.",Cohere,143
one thing I would change about the world is,"environmental destruction. I would prioritize sustainable practices, conserve natural resources, and protect our planet for future generations.",Cohere,143
one thing I would change about the world is,"inequality. I would strive for equal rights, opportunities, and justice for all, regardless of race, gender, religion, or sexual orientation.",Cohere,141
one thing I would change about the world is,"violence. I would promote peace, understanding, and non-violent conflict resolution, creating a safer world for everyone.",Cohere,121
one thing I would change about the world is,"the lack of access to education. I would ensure that every child has the opportunity to learn, gain knowledge, and reach their full potential.",Cohere,142
one thing I would change about the world is,"greed. I would encourage compassion, generosity, and sharing, fostering a world where resources are distributed more equitably.",Cohere,127
one thing I would change about the world is,"discrimination. I would eradicate prejudice and bigotry, fostering a world where diversity is celebrated and everyone is treated with respect and dignity.",Cohere,154
one thing I would change about the world is,"poverty. I would work towards eradicating poverty, ensuring that everyone has access to basic needs, opportunities, and a decent quality of life.",Cohere,145
one thing I would change about the world is,"climate change. I would implement measures to reduce carbon emissions, mitigate the impacts of climate change, and protect our planet's ecosystems.",Cohere,147
one thing I would change about the world is,"the exploitation of workers. I would ensure fair labor practices, just wages, and safe working conditions for all, regardless of industry or location.",Cohere,150
one thing I would change about the world is,"the prevalence of hate. I would promote love, compassion, and understanding, fostering a world where people care for and support one another.",Cohere,141
one thing I would change about the world is,"the neglect of mental health. I would prioritize mental well-being, increase access to resources, and reduce the stigma surrounding mental health issues.",Cohere,153
one thing I would change about the world is,"corruption. I would uphold honesty, integrity, and transparency in positions of power, ensuring that leaders act in the best interests of the people they serve.",Cohere,160
one thing I would change about the world is,"the digital divide. I would improve access to technology and the internet for all, ensuring that everyone can benefit from the opportunities they provide.",Cohere,154
one thing I would change about the world is,"the lack of clean water. I would ensure that all communities have access to safe, clean drinking water, improving health and sanitation.",Cohere,136
one thing I would change about the world is,"the overreliance on fossil fuels. I would accelerate the transition to renewable energy sources, reducing our environmental footprint.",Cohere,134
one thing I would change about the world is,"the disregard for animal welfare. I would enforce ethical treatment of animals, protecting them from cruelty and exploitation.",Cohere,126
one thing I would change about the world is,"the prevalence of human trafficking. I would work tirelessly to eradicate this heinous crime, ensuring the safety and freedom of all.",Cohere,133
one thing I would change about the world is,"the destruction of natural habitats. I would protect and conserve ecosystems, preserving the biodiversity that depends on them.",Cohere,127
one thing I would change about the world is,"the lack of gender equality. I would empower women and girls, ensuring their rights, opportunities, and voices are equal to those of men.",Cohere,137
I would define creativity as,The ability to think outside the box and come up with innovative ideas.,Cohere,71
I would define creativity as,A skill that allows one to connect seemingly unrelated concepts and create something new.,Cohere,89
I would define creativity as,A process of exploring and experimenting with different possibilities.,Cohere,70
I would define creativity as,The art of expressing one's unique perspective and voice.,Cohere,57
I would define creativity as,A way of solving problems by approaching them from a fresh angle.,Cohere,65
I would define creativity as,The capacity to imagine and then actualize something that didn't exist before.,Cohere,78
I would define creativity as,"A blend of curiosity, imagination, and courage that results in unique outcomes.",Cohere,79
I would define creativity as,A talent for making interesting and valuable connections between disparate elements.,Cohere,84
I would define creativity as,The act of bringing something new and meaningful into existence.,Cohere,64
I would define creativity as,"A mindset that embraces diversity, embraces change, and challenges the status quo.",Cohere,82
I would define creativity as,A form of play that engages the mind and results in unexpected joys.,Cohere,68
I would define creativity as,A driving force behind human progress and innovation.,Cohere,53
I would define creativity as,The spark that ignites the flame of inspiration.,Cohere,48
I would define creativity as,"A tool for self-expression, communication, and personal growth.",Cohere,63
I would define creativity as,An essential ingredient in the recipe for a rich and fulfilling life.,Cohere,69
I would define creativity as,A gift that allows us to contribute something special to the world.,Cohere,67
I would define creativity as,"The birthright of every human being, waiting to be discovered and cultivated.",Cohere,77
I would define creativity as,A wellspring of endless possibilities and potential.,Cohere,52
I would define creativity as,"The heartbeat of art, design, music, literature, and all imaginative pursuits.",Cohere,78
I would define creativity as,A powerful force that transforms the ordinary into the extraordinary.,Cohere,69
A fulfilling life includes,"Love and laughter, shared with those who matter.",Cohere,48
A fulfilling life includes,The pursuit of passions that ignite your soul.,Cohere,46
A fulfilling life includes,Meaningful work that contributes to a greater goal.,Cohere,51
A fulfilling life includes,"Time for play and adventure, exploring new horizons.",Cohere,52
A fulfilling life includes,Deep connections and friendships that enrich your days.,Cohere,55
A fulfilling life includes,Gratitude for the little things that bring unexpected joys.,Cohere,59
A fulfilling life includes,"Self-care and wellness, nurturing your body and mind.",Cohere,53
A fulfilling life includes,Challenges that push your limits and help you grow.,Cohere,51
A fulfilling life includes,"Learning something new every day, expanding your world.",Cohere,55
A fulfilling life includes,"Nature and its beauty, a reminder of life's simplicity.",Cohere,55
A fulfilling life includes,"Acts of kindness, leaving a positive mark on others.",Cohere,52
A fulfilling life includes,"Freedom to be yourself, embracing your true nature.",Cohere,51
A fulfilling life includes,"Dreams and aspirations, turning them into reality.",Cohere,50
A fulfilling life includes,"Quiet moments of reflection, finding peace within.",Cohere,50
A fulfilling life includes,Celebrating milestones and cherishing memories made.,Cohere,52
A fulfilling life includes,"Mentors and inspiration, guiding your path forward.",Cohere,51
A fulfilling life includes,"Letting go of fears, embracing life's uncertainties.",Cohere,52
A fulfilling life includes,"Creating something unique, leaving your mark on the world.",Cohere,58
A fulfilling life includes,"A sense of community, belonging to something bigger.",Cohere,52
A fulfilling life includes,"Leaving a legacy, making a difference long after you're gone.",Cohere,61
Yesterday I went,to the park and fed the ducks.,Copilot,30
Yesterday I went,to the movies and watched a thriller.,Copilot,37
Yesterday I went,shopping and splurged on some new clothes.,Copilot,42
Yesterday I went,on a spontaneous road trip.,Copilot,27
Yesterday I went,to my favorite cafe for a relaxing afternoon.,Copilot,45
Yesterday I went,for a hike in the mountains.,Copilot,28
Yesterday I went,to a friend's house for dinner.,Copilot,31
Yesterday I went,to the beach and collected seashells.,Copilot,37
Yesterday I went,to an art museum and got inspired.,Copilot,34
Yesterday I went,on a long bike ride.,Copilot,20
Yesterday I went,to a yoga class and felt totally zen,Copilot,36
Yesterday I went,to the library and discovered a great book.,Copilot,43
Yesterday I went,to a concert and danced all night.,Copilot,34
Yesterday I went,to a new restaurant and tried something delicious.,Copilot,50
Yesterday I went,on a run and set a new personal record.,Copilot,39
Yesterday I went,to the gym and crushed my workout.,Copilot,34
Yesterday I went,to a local market and picked up fresh produce.,Copilot,46
Yesterday I went,for a stroll through the neighborhood.,Copilot,38
Yesterday I went,to a poetry reading and was moved by the words.,Copilot,47
Yesterday I went,to a dog park and watched the pups play.,Copilot,40
Tomorrow I will,visit the new art gallery in town.,Copilot,34
Tomorrow I will,take a cooking class and learn to make sushi.,Copilot,45
Tomorrow I will,go for an early morning jog.,Copilot,28
Tomorrow I will,start reading a new book.,Copilot,25
Tomorrow I will,try my hand at gardening.,Copilot,25
Tomorrow I will,have a picnic in the park.,Copilot,26
Tomorrow I will,join a volunteer group for a beach cleanup.,Copilot,43
Tomorrow I will,watch the sunrise with a hot cup of coffee.,Copilot,43
Tomorrow I will,explore a nearby town I’ve never been to.,Copilot,41
Tomorrow I will,organize my workspace.,Copilot,22
Tomorrow I will,practice playing the guitar.,Copilot,28
Tomorrow I will,attend a yoga session.,Copilot,22
Tomorrow I will,bake a cake from scratch.,Copilot,25
Tomorrow I will,call an old friend and catch up.,Copilot,32
Tomorrow I will,visit a farmer's market.,Copilot,24
Tomorrow I will,take a long bike ride along the river.,Copilot,38
Tomorrow I will,meditate for a bit of mental clarity.,Copilot,37
Tomorrow I will,go to a local theater play.,Copilot,27
Tomorrow I will,try a new recipe for dinner.,Copilot,28
Tomorrow I will,relax with a good movie in the evening.,Copilot,39
I spoke to my friend about,a new movie we both want to see.,Copilot,32
I spoke to my friend about,plans for the weekend.,Copilot,22
I spoke to my friend about,a book recommendation.,Copilot,22
I spoke to my friend about,our favorite childhood memories.,Copilot,32
I spoke to my friend about,the latest news.,Copilot,16
I spoke to my friend about,relationship advice.,Copilot,20
I spoke to my friend about,a funny incident at work.,Copilot,25
I spoke to my friend about,our travel bucket list.,Copilot,23
I spoke to my friend about,a great restaurant we should try.,Copilot,33
I spoke to my friend about,our fitness goals.,Copilot,18
I spoke to my friend about,a hobby we're both interested in.,Copilot,33
I spoke to my friend about,a recent achievement.,Copilot,21
I spoke to my friend about,mental health and self-care tips.,Copilot,33
I spoke to my friend about,an upcoming event in town.,Copilot,26
I spoke to my friend about,a challenging situation I'm facing.,Copilot,35
I spoke to my friend about,our favorite TV shows.,Copilot,22
I spoke to my friend about,career aspirations.,Copilot,19
I spoke to my friend about,some nostalgic music.,Copilot,21
I spoke to my friend about,a cool DIY project.,Copilot,19
I spoke to my friend about,cooking tips and recipes,Copilot,24
I went to the store and bought,a fresh loaf of bread.,Copilot,22
I went to the store and bought,a new pair of sneakers.,Copilot,23
I went to the store and bought,some organic vegetables.,Copilot,24
I went to the store and bought,a cozy sweater.,Copilot,15
I went to the store and bought,a bottle of wine.,Copilot,17
I went to the store and bought,a potted plant.,Copilot,15
I went to the store and bought,ingredients for a homemade pizza.,Copilot,33
I went to the store and bought,a pack of colorful pens.,Copilot,24
I went to the store and bought,a new book to read.,Copilot,19
I went to the store and bought,a carton of milk.,Copilot,17
I went to the store and bought,some artisanal cheese.,Copilot,22
I went to the store and bought,a box of chocolates.,Copilot,20
I went to the store and bought,a birthday card.,Copilot,16
I went to the store and bought,a jar of honey.,Copilot,15
I went to the store and bought,a set of kitchen utensils.,Copilot,26
I went to the store and bought,a bouquet of flowers.,Copilot,21
I went to the store and bought,a toy for my pet.,Copilot,17
I went to the store and bought,a new phone charger.,Copilot,20
I went to the store and bought,a bag of coffee beans.,Copilot,22
I went to the store and bought,a few candles for a relaxing evening.,Copilot,37
My favorite activity is,reading a captivating novel.,Copilot,28
My favorite activity is,taking long walks in nature.,Copilot,28
My favorite activity is,cooking delicious meals.,Copilot,24
My favorite activity is,playing video games with friends.,Copilot,33
My favorite activity is,practicing yoga for relaxation.,Copilot,31
My favorite activity is,painting landscapes.,Copilot,20
My favorite activity is,listening to music and dancing.,Copilot,31
My favorite activity is,going to the gym to stay fit.,Copilot,29
My favorite activity is,exploring new hiking trails.,Copilot,28
My favorite activity is,solving challenging puzzles.,Copilot,28
My favorite activity is,watching movies and TV series.,Copilot,30
My favorite activity is,gardening in my backyard.,Copilot,25
My favorite activity is,traveling to new places.,Copilot,24
My favorite activity is,writing stories or poetry.,Copilot,26
My favorite activity is,playing an instrument.,Copilot,22
My favorite activity is,biking around the city.,Copilot,23
My favorite activity is,"photography, capturing special moments.",Copilot,39
My favorite activity is,learning new languages.,Copilot,23
My favorite activity is,meditating to clear my mind.,Copilot,28
My favorite activity is,baking sweet treats.,Copilot,20
The two things I find the most different are,city life and country life.,Copilot,27
The two things I find the most different are,day and night.,Copilot,14
The two things I find the most different are,summer and winter.,Copilot,18
The two things I find the most different are,cats and dogs.,Copilot,14
The two things I find the most different are,sweet and savory foods.,Copilot,23
The two things I find the most different are,introverts and extroverts.,Copilot,26
The two things I find the most different are,traditional art and digital art.,Copilot,32
The two things I find the most different are,books and movies.,Copilot,17
The two things I find the most different are,the past and the future.,Copilot,24
The two things I find the most different are,work and play.,Copilot,14
The two things I find the most different are,reality and dreams.,Copilot,19
The two things I find the most different are,theory and practice.,Copilot,20
The two things I find the most different are,love and friendship.,Copilot,20
The two things I find the most different are,science and philosophy.,Copilot,23
The two things I find the most different are,routine and adventure.,Copilot,22
The two things I find the most different are,sound and silence.,Copilot,18
The two things I find the most different are,truth and perception.,Copilot,21
The two things I find the most different are,mind and body.,Copilot,14
The two things I find the most different are,childhood and adulthood.,Copilot,24
The two things I find the most different are,stability and change.,Copilot,21
the thing I find most valuable is,quality time with loved ones.,Copilot,29
the thing I find most valuable is,peace of mind.,Copilot,14
the thing I find most valuable is,a strong sense of purpose.,Copilot,26
the thing I find most valuable is,genuine friendships.,Copilot,20
the thing I find most valuable is,creativity and self-expression.,Copilot,31
the thing I find most valuable is,continuous learning and growth.,Copilot,31
the thing I find most valuable is,my health and well-being.,Copilot,25
the thing I find most valuable is,the beauty of nature.,Copilot,21
the thing I find most valuable is,moments of laughter.,Copilot,20
the thing I find most valuable is,having meaningful conversations.,Copilot,32
the thing I find most valuable is,the ability to help others.,Copilot,27
the thing I find most valuable is,personal freedom and independence.,Copilot,34
the thing I find most valuable is,a positive mindset.,Copilot,19
the thing I find most valuable is,shared experiences.,Copilot,19
the thing I find most valuable is,the resilience to overcome challenges.,Copilot,38
the thing I find most valuable is,kindness from strangers.,Copilot,24
the thing I find most valuable is,moments of solitude.,Copilot,20
the thing I find most valuable is,my memories and experiences.,Copilot,28
the thing I find most valuable is,the pursuit of dreams.,Copilot,22
the thing I find most valuable is,finding joy in the little things.,Copilot,33
one thing I would change about the world is,reducing income inequality.,Copilot,27
one thing I would change about the world is,addressing climate change more urgently.,Copilot,40
one thing I would change about the world is,ensuring access to clean water for all.,Copilot,39
one thing I would change about the world is,improving education systems globally.,Copilot,37
one thing I would change about the world is,eradicating hunger and malnutrition.,Copilot,36
one thing I would change about the world is,promoting gender equality.,Copilot,26
one thing I would change about the world is,ending systemic racism.,Copilot,23
one thing I would change about the world is,fostering global peace and cooperation.,Copilot,39
one thing I would change about the world is,making healthcare accessible and affordable.,Copilot,44
one thing I would change about the world is,increasing mental health awareness.,Copilot,35
one thing I would change about the world is,protecting endangered species.,Copilot,30
one thing I would change about the world is,reducing plastic pollution.,Copilot,27
one thing I would change about the world is,supporting renewable energy initiatives.,Copilot,40
one thing I would change about the world is,encouraging kindness and empathy.,Copilot,33
one thing I would change about the world is,eliminating corruption.,Copilot,23
one thing I would change about the world is,providing shelter for the homeless.,Copilot,35
one thing I would change about the world is,supporting sustainable agriculture.,Copilot,35
one thing I would change about the world is,advancing scientific research.,Copilot,30
one thing I would change about the world is,promoting cultural exchange and understanding.,Copilot,46
one thing I would change about the world is,reducing food waste.,Copilot,20
I would define creativity as,the ability to think outside the box.,Copilot,37
I would define creativity as,expressing oneself through art or words.,Copilot,40
I would define creativity as,finding unique solutions to problems.,Copilot,37
I would define creativity as,making something from nothing.,Copilot,30
I would define creativity as,seeing the world in new ways.,Copilot,29
I would define creativity as,combining different ideas into something novel.,Copilot,47
I would define creativity as,using imagination to create.,Copilot,28
I would define creativity as,breaking conventional norms.,Copilot,28
I would define creativity as,a spark that ignites innovation.,Copilot,32
I would define creativity as,turning dreams into reality.,Copilot,28
I would define creativity as,exploring uncharted territories.,Copilot,32
I would define creativity as,the freedom to play with possibilities.,Copilot,39
I would define creativity as,a blend of inspiration and perspiration.,Copilot,40
I would define creativity as,pushing boundaries to new frontiers.,Copilot,36
I would define creativity as,thinking without limitations.,Copilot,29
I would define creativity as,turning the ordinary into the extraordinary.,Copilot,44
I would define creativity as,connecting seemingly unrelated things.,Copilot,38
I would define creativity as,a reflection of individuality.,Copilot,30
I would define creativity as,the power to transform ideas into something tangible.,Copilot,53
I would define creativity as,a journey of continuous exploration and discovery.,Copilot,50
A fulfilling life includes,meaningful relationships.,Copilot,25
A fulfilling life includes,pursuing passions.,Copilot,18
A fulfilling life includes,constant learning.,Copilot,18
A fulfilling life includes,mental and physical health.,Copilot,27
A fulfilling life includes,giving back to the community.,Copilot,29
A fulfilling life includes,financial stability.,Copilot,20
A fulfilling life includes,moments of joy and laughter.,Copilot,28
A fulfilling life includes,personal growth.,Copilot,16
A fulfilling life includes,exploring the world.,Copilot,20
A fulfilling life includes,experiencing nature.,Copilot,20
A fulfilling life includes,creativity and self-expression.,Copilot,31
A fulfilling life includes,resilience and perseverance.,Copilot,28
A fulfilling life includes,a sense of purpose.,Copilot,19
A fulfilling life includes,balanced work and leisure.,Copilot,26
A fulfilling life includes,self-acceptance.,Copilot,16
A fulfilling life includes,living in the present.,Copilot,22
A fulfilling life includes,acts of kindness.,Copilot,17
A fulfilling life includes,celebrating achievements.,Copilot,25
A fulfilling life includes,spiritual well-being.,Copilot,21
A fulfilling life includes,feeling connected and loved.,Copilot,28